                  epoch,         train/box_loss,         train/cls_loss,         train/dfl_loss,   metrics/precision(B),      metrics/recall(B),       metrics/mAP50(B),    metrics/mAP50-95(B),           val/box_loss,           val/cls_loss,           val/dfl_loss,                 lr/pg0,                 lr/pg1,                 lr/pg2
                      0,                  3.955,                  2.511,                 1.9663,                0.53979,                0.60131,                0.57327,                0.21949,                 2.2715,                 1.2829,                 1.1337,                    0.1,                      0,                      0
                      1,                 4.3842,                 2.9142,                 2.1146,                0.54223,                0.59891,                0.57751,                0.21342,                 2.3025,                 1.2963,                 1.1373,                 0.0991,             9.9604e-05,             9.9604e-05
                      2,                 4.0775,                 2.7035,                 2.0669,                0.55177,                0.59139,                0.57838,                 0.2117,                 2.3272,                 1.3071,                 1.1409,               0.098198,             0.00019842,             0.00019842
                      3,                 4.2401,                 2.8105,                 2.0745,                0.54747,                0.57763,                0.56818,                0.21415,                 2.3166,                 1.3007,                 1.1377,               0.097296,             0.00029644,             0.00029644
                      4,                 3.8177,                 2.3983,                 1.9174,                0.53491,                0.59286,                0.56872,                0.21836,                 2.2931,                 1.2948,                 1.1348,               0.096394,             0.00039366,             0.00039366
                      5,                  4.028,                 2.5239,                 1.9617,                0.50335,                0.61412,                0.56162,                0.21221,                 2.2683,                 1.3139,                 1.1303,                0.09549,              0.0004901,              0.0004901
                      6,                 4.1475,                 2.2618,                 1.9984,                0.51988,                0.58913,                0.54659,                0.21042,                 2.2181,                 1.3176,                 1.1236,               0.094586,             0.00058574,             0.00058574
                      7,                 4.0433,                 2.3536,                 1.9629,                0.52903,                0.58659,                0.55451,                 0.2116,                 2.1852,                 1.2947,                 1.1176,               0.093681,              0.0006806,              0.0006806
                      8,                 4.3434,                 2.5269,                 2.0782,                0.52301,                0.53687,                 0.5518,                 0.2197,                 2.1481,                 1.2402,                 1.1164,               0.092775,             0.00077466,             0.00077466
                      9,                 3.8074,                 2.1399,                 1.8088,                0.51893,                0.55054,                0.52443,                0.21674,                 2.1464,                 1.2255,                 1.1236,               0.091868,             0.00086792,             0.00086792
                     10,                 4.1668,                 2.1648,                 1.9294,                0.51525,                0.45806,                0.46331,                0.17127,                 2.2995,                 1.2783,                 1.1373,                0.09096,              0.0009604,              0.0009604
                     11,                 3.7462,                 2.0015,                 1.6811,                0.45349,                0.41902,                0.39147,                0.12298,                 2.5568,                 1.3833,                 1.1526,               0.090052,              0.0010521,              0.0010521
                     12,                 2.7342,                 1.5285,                 1.3977,                 0.3366,                 0.4038,                0.32574,                0.09514,                 2.7531,                 1.4689,                 1.1783,               0.089143,               0.001143,               0.001143
                     13,                 2.9862,                 1.7477,                 1.4363,                0.38421,                0.35181,                0.32214,                0.08533,                  2.858,                 1.5039,                 1.1788,               0.088233,              0.0012331,              0.0012331
                     14,                 2.7506,                 1.5166,                 1.3791,                0.50423,                0.40831,                0.39114,                0.11422,                 2.7074,                  1.414,                 1.1907,               0.087322,              0.0013224,              0.0013224
                     15,                 2.5614,                 1.4691,                 1.3609,                0.52213,                0.54851,                 0.5162,                0.19377,                 2.3594,                 1.3215,                 1.1804,               0.086411,              0.0014109,              0.0014109
                     16,                 2.6324,                 1.4363,                 1.3239,                0.52182,                0.55381,                0.52889,                0.20772,                 2.3152,                 1.3079,                 1.1789,               0.085499,              0.0014986,              0.0014986
                     17,                 2.4371,                 1.3049,                 1.2683,                0.50443,                0.60643,                0.54545,                 0.2088,                  2.322,                 1.3616,                 1.1753,               0.084586,              0.0015856,              0.0015856
                     18,                 2.9188,                 1.4102,                 1.3937,                0.46896,                0.54772,                 0.4937,                0.15192,                 2.6511,                 1.5299,                  1.198,               0.083672,              0.0016717,              0.0016717
                     19,                  2.262,                 1.2765,                 1.2402,                0.46825,                0.55109,                0.49651,                0.15199,                 2.6406,                 1.5111,                  1.196,               0.082757,               0.001757,               0.001757
                     20,                 2.2445,                 1.3985,                 1.2139,                0.50019,                0.52518,                0.50936,                0.18283,                  2.393,                 1.3654,                 1.1777,               0.081842,              0.0018416,              0.0018416
                     21,                 2.5617,                  1.373,                 1.3295,                 0.4747,                0.56966,                0.50688,                0.18185,                    2.4,                 1.3961,                 1.1824,               0.080925,              0.0019254,              0.0019254
                     22,                 2.2854,                 1.2656,                 1.2247,                0.43668,                0.53397,                0.45557,                 0.1531,                 2.4498,                 1.3637,                 1.1916,               0.080008,              0.0020083,              0.0020083
                     23,                 2.5474,                 1.4062,                 1.2766,                 0.4322,                0.53795,                0.43781,                0.15422,                 2.4079,                 1.3156,                 1.1962,               0.079091,              0.0020905,              0.0020905
                     24,                 2.5627,                 1.3614,                 1.3023,                0.40124,                0.50661,                  0.396,                0.12422,                 2.5019,                  1.315,                 1.2004,               0.078172,              0.0021719,              0.0021719
                     25,                 2.2828,                 1.2986,                 1.1907,                 0.4295,                0.54189,                0.43345,                0.15572,                 2.2559,                 1.2557,                 1.1856,               0.077253,              0.0022525,              0.0022525
                     26,                 2.6629,                 1.4394,                 1.2865,                0.38619,                0.49284,                0.37432,                 0.1194,                 2.5196,                 1.3314,                  1.186,               0.076332,              0.0023323,              0.0023323
                     27,                 2.1658,                 1.1704,                 1.1849,                0.44143,                0.53397,                0.43937,                0.16395,                 2.2342,                 1.2887,                 1.1803,               0.075411,              0.0024113,              0.0024113
                     28,                 2.5623,                 1.3384,                 1.2317,                0.45223,                 0.5471,                0.45741,                 0.1598,                 2.3307,                 1.2851,                 1.1727,                0.07449,              0.0024895,              0.0024895
                     29,                 2.1615,                 1.1794,                 1.1752,                0.47772,                0.57572,                0.49802,                0.19524,                 2.1062,                 1.2296,                 1.1651,               0.073567,               0.002567,               0.002567
                     30,                 2.1044,                 1.1633,                 1.1911,                 0.5404,                0.51696,                0.52019,                0.20196,                 2.1369,                 1.2237,                 1.1577,               0.072644,              0.0026436,              0.0026436
                     31,                 2.0319,                 1.2651,                 1.1469,                0.42988,                0.47509,                0.42754,                0.13327,                 2.4549,                 1.3154,                 1.1838,               0.071719,              0.0027194,              0.0027194
                     32,                 2.1347,                 1.2797,                 1.1092,                0.43754,                0.57554,                0.45423,                0.17749,                 2.1509,                 1.2495,                 1.1643,               0.070794,              0.0027945,              0.0027945
                     33,                 2.6031,                 1.4008,                 1.2133,                0.36012,                0.48976,                0.35086,                0.11176,                 2.5236,                 1.3929,                 1.2078,               0.069869,              0.0028688,              0.0028688
                     34,                 2.0847,                  1.159,                 1.1252,                0.40432,                0.53324,                 0.4153,                0.16135,                 2.1653,                 1.3578,                 1.1966,               0.068942,              0.0029422,              0.0029422
                     35,                  2.447,                 1.2684,                 1.1631,                0.35987,                0.49529,                0.37153,                0.11795,                 2.4912,                 1.3388,                 1.1902,               0.068015,              0.0030149,              0.0030149
                     36,                 2.0419,                 1.1215,                 1.1362,                0.49709,                0.48714,                0.49122,                0.19266,                 2.0916,                 1.2044,                 1.1393,               0.067087,              0.0030868,              0.0030868
                     37,                 2.0093,                 1.1104,                 1.1295,                0.47056,                0.58152,                0.52778,                0.20255,                 2.1044,                 1.2067,                 1.1278,               0.066158,              0.0031579,              0.0031579
                     38,                 2.1466,                 1.1434,                  1.156,                0.55617,                0.51304,                0.55619,                0.20561,                 2.0759,                 1.1975,                 1.1302,               0.065228,              0.0032282,              0.0032282
                     39,                  2.501,                 1.1654,                 1.2022,                0.51481,                0.45745,                0.48574,                0.17152,                  2.247,                 1.3127,                 1.1427,               0.064298,              0.0032977,              0.0032977
                     40,                 1.9611,                 1.0818,                 1.1187,                0.51297,                0.50271,                0.52727,                 0.2206,                 1.9903,                 1.2197,                 1.1395,               0.063366,              0.0033664,              0.0033664
                     41,                 2.4417,                 1.2254,                 1.1672,                 0.4471,                0.37455,                0.40577,                0.12859,                 2.4503,                 1.4248,                  1.186,               0.062434,              0.0034343,              0.0034343
                     42,                 2.2081,                 1.1479,                 1.1193,                0.50785,                0.37373,                0.44223,                0.18533,                  2.088,                 1.3111,                 1.1878,               0.061501,              0.0035015,              0.0035015
                     43,                 2.0664,                 1.0739,                 1.1141,                0.67267,                0.28409,                0.44589,                0.16046,                 2.3321,                  1.492,                  1.251,               0.060568,              0.0035678,              0.0035678
                     44,                 2.1407,                 1.1952,                 1.0981,                0.64831,                0.32536,                 0.4799,                0.20452,                 2.0851,                 1.3393,                 1.2478,               0.059633,              0.0036333,              0.0036333
                     45,                  1.852,                 1.0568,                 1.0614,                0.64819,                0.24284,                0.40032,                0.18214,                 2.2269,                 1.5346,                 1.3386,               0.058698,              0.0036981,              0.0036981
                     46,                 1.9811,                 1.1309,                  1.127,                0.66448,                0.23668,                0.41158,                0.17847,                 2.2295,                 1.6435,                 1.3713,               0.057762,              0.0037621,              0.0037621
                     47,                 2.3187,                 1.2094,                 1.1544,                0.38708,                 0.1636,                 0.2237,                0.06963,                 2.8907,                 2.1924,                 1.4524,               0.056825,              0.0038252,              0.0038252
                     48,                 2.3028,                  1.348,                 1.1035,                0.57596,                0.35326,                0.48046,                0.20592,                 2.1716,                 1.3144,                 1.1947,               0.055888,              0.0038876,              0.0038876
                     49,                 2.1799,                  1.195,                 1.1535,                0.45154,                0.45634,                0.48834,                0.18875,                 2.2502,                 1.3993,                 1.1931,               0.054949,              0.0039492,              0.0039492
                     50,                 1.8687,                 1.0384,                 1.1025,                0.47996,                0.42781,                0.48859,                0.22461,                 2.1035,                 1.3674,                 1.2459,                0.05401,                0.00401,                0.00401
                     51,                 1.7469,                0.95791,                 1.0394,                0.39452,                0.24542,                0.31426,                 0.0978,                 2.7947,                 1.6158,                 1.4277,                0.05307,                0.00407,                0.00407
                     52,                 2.0464,                 1.0633,                 1.0973,                 0.5056,                0.34258,                 0.4388,                0.20433,                 2.1786,                 1.4369,                 1.3538,               0.052129,              0.0041292,              0.0041292
                     53,                 2.0038,                 1.1571,                 1.1243,                 0.5502,                 0.4514,                0.51517,                0.20668,                 2.2562,                 1.3016,                 1.2647,               0.051188,              0.0041876,              0.0041876
                     54,                 2.1408,                 1.2527,                 1.1131,                0.42913,                0.53225,                0.47929,                0.14986,                 2.4218,                 1.2955,                 1.1913,               0.050245,              0.0042453,              0.0042453
                     55,                 2.3105,                 1.1103,                 1.1052,                0.54271,                0.63053,                0.62786,                0.26895,                  1.926,                 1.1089,                 1.1105,               0.049302,              0.0043021,              0.0043021
                     56,                  1.914,                 1.0656,                  1.085,                0.65045,                0.59565,                0.65223,                0.28287,                 1.9492,                 1.0818,                 1.0856,               0.048358,              0.0043581,              0.0043581
                     57,                 1.9896,                 1.0635,                 1.0652,                0.68415,                0.55257,                 0.6309,                0.26001,                 2.0185,                 1.0995,                 1.1161,               0.047413,              0.0044134,              0.0044134
                     58,                 1.7414,                  1.003,                 1.0855,                0.64403,                0.57319,                 0.6696,                0.30321,                 1.8913,                 1.1039,                 1.1074,               0.046468,              0.0044679,              0.0044679
                     59,                 1.9522,                 1.1099,                 1.0879,                0.53079,                0.44727,                0.48849,                 0.1514,                 2.4264,                 1.3194,                 1.1245,               0.045522,              0.0045215,              0.0045215
                     60,                 2.3062,                 1.2445,                 1.1285,                0.65074,                0.55978,                0.64124,                0.28591,                 1.9331,                 1.0966,                 1.1235,               0.044574,              0.0045744,              0.0045744
                     61,                  1.694,                0.97929,                 1.0514,                0.69426,                0.64549,                 0.6992,                0.27643,                 2.0065,                 1.0357,                 1.1077,               0.043626,              0.0046265,              0.0046265
                     62,                 2.4807,                  1.167,                 1.1513,                0.54912,                0.56558,                0.61542,                0.25017,                 2.0277,                 1.1279,                 1.1286,               0.042678,              0.0046778,              0.0046778
                     63,                 2.0153,                 1.0725,                  1.114,                0.64281,                 0.6171,                0.67635,                0.30525,                 1.9174,                 1.0984,                 1.1083,               0.041728,              0.0047283,              0.0047283
                     64,                 1.8465,                  1.033,                 1.0832,                0.60878,                0.53617,                0.60832,                0.22134,                 2.1973,                 1.1489,                 1.1286,               0.040778,               0.004778,               0.004778
                     65,                 2.1994,                 1.2176,                 1.1133,                0.62432,                0.61567,                 0.6616,                0.27984,                  2.001,                 1.1085,                   1.12,               0.039827,              0.0048269,              0.0048269
                     66,                 1.9024,                  1.187,                 1.0759,                0.50049,                0.58243,                0.56428,                0.19684,                 2.2881,                 1.2257,                 1.1621,               0.038875,               0.004875,               0.004875
                     67,                 2.1513,                 1.1042,                 1.1018,                0.60165,                0.59303,                0.66022,                 0.2791,                 1.9895,                 1.1191,                 1.1352,               0.037922,              0.0049224,              0.0049224
                     68,                 2.9109,                 1.3428,                 1.1901,                 0.2542,                0.34909,                0.24232,                 0.0629,                 3.1425,                  1.457,                 1.2444,               0.036969,              0.0049689,              0.0049689
                     69,                 2.4234,                 1.1732,                 1.0993,                0.69049,                 0.5221,                0.62723,                0.24951,                  2.158,                 1.1372,                 1.1688,               0.036015,              0.0050146,              0.0050146
                     70,                 1.7772,                0.97329,                 1.0757,                0.60812,                0.52663,                0.57958,                0.18532,                 2.3139,                 1.1707,                 1.1859,                0.03506,              0.0050596,              0.0050596
                     71,                 2.4647,                  1.165,                 1.1152,                 0.6864,                0.60471,                0.67915,                0.25126,                 2.0778,                 1.0972,                 1.1323,               0.034104,              0.0051038,              0.0051038
                     72,                 2.3398,                 1.1925,                 1.1344,                0.58023,                0.57835,                0.59855,                0.21929,                 2.3327,                 1.2003,                  1.132,               0.033147,              0.0051471,              0.0051471
                     73,                 2.1482,                 1.1135,                 1.1118,                0.54289,                0.64139,                0.65397,                0.25625,                 2.0402,                  1.138,                 1.1353,                0.03219,              0.0051897,              0.0051897
                     74,                 2.0717,                 1.0782,                 1.1001,                0.71464,                0.58681,                0.69126,                0.29784,                 1.9528,                 1.1304,                 1.0968,               0.031232,              0.0052315,              0.0052315
                     75,                 1.8159,                 1.0195,                 1.0722,                0.47465,                0.51884,                0.53292,                0.20678,                 2.1858,                 1.2821,                 1.2041,               0.030272,              0.0052725,              0.0052725
                     76,                 2.1748,                 1.0407,                 1.0779,                0.60288,                0.56766,                 0.6348,                0.28003,                 1.9725,                 1.1614,                 1.1432,               0.029313,              0.0053127,              0.0053127
                     77,                 1.9204,                 1.0361,                 1.1068,                0.61273,                0.53651,                0.61226,                0.27498,                 2.0251,                 1.1756,                 1.1544,               0.028352,              0.0053521,              0.0053521
                     78,                 2.0623,                0.99889,                 1.0849,                0.37928,                0.42636,                0.37287,                0.11012,                 2.6158,                 1.5873,                 1.1564,               0.027391,              0.0053907,              0.0053907
                     79,                 2.2892,                 1.2093,                 1.0595,                 0.5241,                0.58641,                0.60158,                0.27279,                 2.0333,                 1.2282,                 1.1162,               0.026429,              0.0054286,              0.0054286
                     80,                 1.9476,                 1.0597,                 1.0748,                0.59686,                 0.5442,                 0.6233,                0.24894,                 2.1137,                 1.2581,                 1.1129,               0.025466,              0.0054656,              0.0054656
                     81,                 1.9803,                 1.0689,                  1.061,                0.62662,                0.60032,                 0.6671,                0.28136,                  1.962,                 1.1335,                 1.1059,               0.024502,              0.0055018,              0.0055018
                     82,                 1.8868,                 1.0098,                 1.0339,                0.53674,                0.45325,                0.52211,                0.18645,                 2.3464,                 1.2782,                  1.205,               0.023537,              0.0055373,              0.0055373
                     83,                 1.9386,                 1.0319,                 1.0678,                0.48958,                0.50589,                0.53295,                0.20276,                 2.2567,                 1.3178,                 1.2326,               0.022572,               0.005572,               0.005572
                     84,                 1.8602,                0.92718,                 1.0746,                0.42217,                 0.4535,                0.47262,                0.18496,                 2.3142,                 1.4273,                 1.3028,               0.021606,              0.0056058,              0.0056058
                     85,                 1.9713,                 1.0319,                 1.0756,                0.71617,                0.25832,                0.38825,                0.17221,                  2.295,                 1.8265,                   1.43,               0.020639,              0.0056389,              0.0056389
                     86,                 2.0644,                 1.2942,                 1.0535,                 0.6287,                0.22754,                0.34666,                0.13849,                 2.4831,                 1.6692,                 1.4363,               0.019671,              0.0056712,              0.0056712
                     87,                 2.1423,                 1.1481,                 1.0812,                0.53865,                 0.2076,                 0.3299,                0.16293,                  2.428,                 1.7601,                 1.4754,               0.018703,              0.0057027,              0.0057027
                     88,                 1.9028,                 1.0436,                 1.0494,                 0.5398,                0.24629,                0.31247,                0.13372,                  2.397,                 1.6623,                 1.4246,               0.017733,              0.0057334,              0.0057334
                     89,                 2.0154,                 1.0848,                 1.0879,                0.49288,                0.42409,                0.45078,                 0.1809,                  2.235,                 1.5285,                  1.337,               0.016763,              0.0057633,              0.0057633
                     90,                 1.9335,                 1.0063,                 1.0851,                0.40987,                 0.3644,                0.38619,                0.13516,                 2.5131,                 1.6152,                 1.3901,               0.015792,              0.0057924,              0.0057924
                     91,                 1.9981,                0.99394,                 1.0673,                0.50431,                0.46042,                0.49428,                0.21417,                 2.1526,                 1.3353,                 1.2859,               0.014821,              0.0058207,              0.0058207
                     92,                 2.0822,                 1.0647,                 1.0682,                0.38244,                0.15463,                0.21796,                0.05673,                 2.8279,                  2.068,                 1.5549,               0.013848,              0.0058483,              0.0058483
                     93,                 2.2014,                 1.1124,                 1.0753,                0.44718,                0.16442,                0.28417,                0.11763,                 2.5221,                 2.0324,                 1.5386,               0.012875,               0.005875,               0.005875
                     94,                 2.0807,                 1.1031,                 1.0672,                0.71107,                 0.3147,                 0.4656,                0.19259,                 2.1149,                 1.4785,                 1.2668,               0.011901,              0.0059009,              0.0059009
                     95,                 1.8052,                0.96572,                 1.0605,                0.61533,                0.22754,                 0.4006,                0.17461,                 2.3571,                  1.881,                 1.4477,               0.010926,              0.0059261,              0.0059261
                     96,                 1.6612,                0.86663,                 1.0441,                0.64905,                0.21984,                0.32841,                0.11323,                 2.7699,                  1.784,                 1.4294,              0.0099505,              0.0059505,              0.0059505
                     97,                 2.1549,                0.97767,                  1.056,                0.62978,                0.23867,                0.35286,                0.14485,                 2.4672,                 1.6891,                 1.3893,               0.008974,               0.005974,               0.005974
                     98,                 2.7003,                 1.1429,                 1.1099,                0.40979,                0.41821,                0.39678,                0.12944,                 2.5059,                 1.4621,                 1.2276,              0.0079968,              0.0059968,              0.0059968
                     99,                 2.4518,                  1.243,                 1.1251,                0.50617,                0.45245,                0.47856,                 0.1879,                 2.2269,                 1.3496,                 1.1996,              0.0070188,              0.0060188,              0.0060188
                    100,                 2.1259,                 1.1447,                 1.0794,                0.35466,                0.16168,                 0.2115,                 0.1068,                 2.6916,                 2.2744,                 1.7813,                0.00604,                0.00604,                0.00604
                    101,                 2.2251,                 1.1309,                 1.1031,                0.47227,                0.45168,                0.43881,                0.16364,                 2.3777,                  1.416,                 1.2987,                0.00604,                0.00604,                0.00604
                    102,                 1.9213,                 1.0123,                 1.0597,                0.35874,                0.27554,                 0.2765,                0.08949,                 2.5979,                 2.0508,                 1.6398,              0.0060004,              0.0060004,              0.0060004
                    103,                 1.7423,                 0.9436,                  1.066,                0.44514,                0.43469,                0.44726,                0.17422,                 2.4231,                 1.5978,                 1.4981,              0.0059608,              0.0059608,              0.0059608
                    104,                 1.6247,                0.94167,                 1.0546,                0.57632,                0.59059,                0.61018,                0.22649,                 2.2818,                 1.2802,                 1.2325,              0.0059212,              0.0059212,              0.0059212
                    105,                 1.7955,                 0.9338,                 1.0245,                0.57726,                0.51703,                  0.556,                0.22432,                 2.2127,                 1.2407,                 1.2171,              0.0058816,              0.0058816,              0.0058816
                    106,                 1.9565,                 1.0492,                 1.0359,                0.47621,                0.50217,                0.46458,                0.17491,                 2.3997,                 1.3033,                 1.2304,               0.005842,               0.005842,               0.005842
                    107,                 2.1706,                 1.0888,                  1.099,                0.50986,                0.56458,                0.54265,                0.22059,                 2.2845,                 1.2628,                 1.2287,              0.0058024,              0.0058024,              0.0058024
                    108,                 1.8376,                 1.0049,                 1.0339,                0.55887,                0.44864,                0.49863,                0.16768,                 2.5185,                 1.3033,                 1.2434,              0.0057628,              0.0057628,              0.0057628
                    109,                 2.1552,                 1.0731,                 1.0455,                  0.492,                0.61938,                0.57749,                0.25253,                 2.1056,                  1.176,                 1.1737,              0.0057232,              0.0057232,              0.0057232
                    110,                 1.7861,                0.95485,                 1.0129,                0.50331,                0.66078,                0.60746,                0.23315,                  2.286,                 1.1913,                 1.2003,              0.0056836,              0.0056836,              0.0056836
                    111,                 2.1906,                 1.0414,                 1.0511,                  0.557,                0.42466,                0.48263,                0.17695,                 2.3599,                 1.2265,                 1.2079,               0.005644,               0.005644,               0.005644
                    112,                 1.9558,                0.99438,                 1.0543,                0.57934,                0.51487,                0.55113,                0.23816,                 2.1736,                 1.2148,                 1.2193,              0.0056044,              0.0056044,              0.0056044
                    113,                  1.733,                0.87058,                 1.0173,                0.44183,                 0.4663,                0.43577,                0.16097,                 2.3602,                 1.4945,                 1.2648,              0.0055648,              0.0055648,              0.0055648
                    114,                 1.9417,                 1.0091,                 1.0441,                0.48915,                  0.474,                0.49092,                0.20668,                 2.2328,                 1.4133,                  1.274,              0.0055252,              0.0055252,              0.0055252
                    115,                 2.1844,                 1.1493,                 1.0909,                0.48917,                0.53783,                0.53112,                0.21652,                 2.2037,                 1.2704,                 1.2161,              0.0054856,              0.0054856,              0.0054856
                    116,                 2.0454,                 1.0979,                 1.0623,                0.64795,                 0.6673,                0.67216,                0.27584,                 2.0758,                 1.0573,                 1.1196,               0.005446,               0.005446,               0.005446
                    117,                 2.0491,                 1.0638,                 1.0581,                0.62921,                0.67914,                0.68011,                0.30857,                 1.9967,                 1.0837,                 1.1151,              0.0054064,              0.0054064,              0.0054064
                    118,                 1.9043,                 0.9992,                 1.0376,                0.60149,                0.55163,                0.56923,                0.19208,                 2.4014,                   1.16,                 1.1589,              0.0053668,              0.0053668,              0.0053668
                    119,                  2.274,                 1.2127,                  1.047,                0.62682,                0.56255,                 0.6129,                0.25072,                 2.1194,                 1.2231,                 1.1383,              0.0053272,              0.0053272,              0.0053272
                    120,                 1.7747,                0.99317,                 1.0261,                0.55128,                0.58542,                0.58978,                0.21917,                 2.2376,                 1.2012,                 1.1817,              0.0052876,              0.0052876,              0.0052876
                    121,                 1.6682,                0.90141,                 1.0104,                0.48754,                0.55842,                0.54232,                0.22482,                 2.1666,                 1.3022,                 1.2265,               0.005248,               0.005248,               0.005248
                    122,                 1.5442,                0.87138,                 1.0316,                0.55272,                0.58524,                0.58612,                0.23358,                 2.1999,                 1.2017,                 1.1919,              0.0052084,              0.0052084,              0.0052084
                    123,                 1.5721,                0.87025,                 1.0156,                0.51355,                0.56653,                0.54746,                0.23022,                  2.162,                 1.2767,                  1.185,              0.0051688,              0.0051688,              0.0051688
                    124,                 1.8853,                 1.0625,                 1.0254,                0.52302,                 0.5654,                0.55085,                0.21553,                 2.1824,                 1.3535,                 1.1479,              0.0051292,              0.0051292,              0.0051292
                    125,                 1.9897,                 1.0457,                 1.0392,                0.67025,                 0.6202,                0.67083,                0.29615,                 1.9488,                 1.1106,                 1.1019,              0.0050896,              0.0050896,              0.0050896
                    126,                 1.8877,                  1.076,                 1.0761,                0.49774,                0.67047,                 0.6025,                0.20939,                 2.2687,                 1.1369,                 1.1358,                0.00505,                0.00505,                0.00505
                    127,                 1.9443,                0.98635,                 1.0277,                0.58182,                0.73868,                  0.723,                0.32923,                 1.8947,                 1.0358,                 1.0906,              0.0050104,              0.0050104,              0.0050104
                    128,                  1.813,                 1.0192,                 1.0522,                0.66935,                0.68125,                0.72441,                0.29489,                  1.987,                0.99667,                 1.1029,              0.0049708,              0.0049708,              0.0049708
                    129,                 1.6013,                0.88104,                 1.0279,                0.67734,                0.69489,                0.75376,                 0.3031,                 1.9946,                 1.0603,                 1.1021,              0.0049312,              0.0049312,              0.0049312
                    130,                 2.0059,                 1.1183,                 1.0293,                0.67013,                0.66599,                0.72222,                0.32398,                  1.906,                 0.9901,                 1.0947,              0.0048916,              0.0048916,              0.0048916
                    131,                 1.6257,                0.94189,                 1.0207,                0.58832,                0.59079,                0.64131,                0.23818,                 2.2168,                 1.1136,                 1.1469,               0.004852,               0.004852,               0.004852
                    132,                 2.1282,                 1.0186,                 1.0292,                0.58575,                0.59819,                 0.6426,                0.26231,                 2.0939,                 1.1318,                 1.1188,              0.0048124,              0.0048124,              0.0048124
                    133,                 1.8446,                  1.115,                  1.025,                0.52121,                 0.6337,                0.63859,                0.28062,                 2.0363,                 1.1058,                 1.1352,              0.0047728,              0.0047728,              0.0047728
                    134,                  1.655,                0.92486,                 1.0209,                0.57981,                0.52193,                0.59793,                0.20741,                  2.333,                 1.1318,                 1.1714,              0.0047332,              0.0047332,              0.0047332
                    135,                 1.7275,                0.85045,                 1.0059,                0.66482,                0.56084,                0.65903,                0.25803,                 2.1094,                 1.0815,                 1.1339,              0.0046936,              0.0046936,              0.0046936
                    136,                 1.8738,                  1.014,                  1.035,                 0.6217,                0.53641,                0.60116,                0.23242,                 2.1825,                 1.0786,                 1.1268,               0.004654,               0.004654,               0.004654
                    137,                 1.7942,                0.91385,                 1.0097,                0.65941,                0.60181,                  0.663,                 0.2502,                  2.086,                 1.0108,                 1.1308,              0.0046144,              0.0046144,              0.0046144
                    138,                 1.5395,                0.87276,                 0.9945,                0.67409,                0.64982,                0.71241,                0.29924,                 2.0356,                  1.023,                 1.1196,              0.0045748,              0.0045748,              0.0045748
                    139,                 2.1071,                 1.0206,                  1.041,                0.59523,                 0.6663,                0.68614,                0.26108,                 2.1899,                 1.0715,                 1.1054,              0.0045352,              0.0045352,              0.0045352
                    140,                  2.037,                 1.0212,                 1.0317,                0.68605,                0.68551,                0.73829,                0.29466,                 2.0079,                0.98562,                 1.1017,              0.0044956,              0.0044956,              0.0044956
                    141,                 2.1822,                  1.176,                 1.1011,                0.58298,                0.61866,                0.61683,                0.21723,                  2.235,                 1.0278,                  1.128,               0.004456,               0.004456,               0.004456
                    142,                 1.7283,                0.90078,                 1.0081,                0.72844,                0.70199,                0.76521,                0.32153,                 1.9382,                0.94862,                 1.0858,              0.0044164,              0.0044164,              0.0044164
                    143,                 1.6424,                  1.094,                 1.0049,                0.71145,                0.73288,                0.73039,                0.30221,                  1.982,                 1.1048,                 1.0928,              0.0043768,              0.0043768,              0.0043768
                    144,                 1.5228,                0.96852,                 1.0143,                0.75784,                0.74058,                0.76136,                0.30815,                 2.0346,                 1.0001,                 1.1057,              0.0043372,              0.0043372,              0.0043372
                    145,                  1.953,                 1.0103,                 1.1059,                0.72091,                0.68732,                  0.734,                 0.3083,                 1.9407,                0.98176,                 1.0878,              0.0042976,              0.0042976,              0.0042976
                    146,                 1.8897,                0.94344,                 1.0264,                 0.5854,                 0.6106,                0.59298,                0.20104,                 2.3267,                  1.079,                 1.1285,               0.004258,               0.004258,               0.004258
                    147,                 1.7852,                0.91314,                 1.0144,                0.74796,                0.65271,                0.72557,                0.28061,                 2.0715,                0.99064,                 1.1029,              0.0042184,              0.0042184,              0.0042184
                    148,                 1.5264,                0.83948,                 1.0126,                0.76182,                 0.7081,                 0.7706,                0.34518,                 1.8954,                0.92181,                 1.0815,              0.0041788,              0.0041788,              0.0041788
                    149,                 1.6361,                0.87247,                0.98982,                0.68969,                 0.5837,                  0.656,                0.24133,                  2.158,                 1.0247,                 1.1136,              0.0041392,              0.0041392,              0.0041392
                    150,                 1.7131,                0.89382,                 1.0091,                0.59303,                 0.6077,                0.64337,                0.28571,                 1.9792,                 1.0864,                 1.1387,              0.0040996,              0.0040996,              0.0040996
                    151,                 1.7809,                0.87226,                0.98841,                0.55527,                0.46947,                0.49696,                0.18831,                 2.2871,                 1.2461,                 1.1898,                0.00406,                0.00406,                0.00406
                    152,                 1.6243,                0.83814,                 1.0116,                0.46501,                0.52129,                0.51541,                0.20085,                 2.2184,                 1.2978,                 1.2223,              0.0040204,              0.0040204,              0.0040204
                    153,                 1.5257,                0.81155,                 1.0038,                0.48032,                0.54629,                0.53167,                0.23855,                 2.0665,                 1.2873,                 1.2163,              0.0039808,              0.0039808,              0.0039808
                    154,                 1.7085,                0.90138,                0.98924,                 0.4516,                0.42889,                0.43474,                0.16034,                  2.365,                 1.4494,                 1.2818,              0.0039412,              0.0039412,              0.0039412
                    155,                 1.5938,                0.98682,                0.99076,                 0.5953,                0.59203,                0.63055,                 0.2549,                  2.104,                 1.1066,                 1.1345,              0.0039016,              0.0039016,              0.0039016
                    156,                 1.5723,                0.86036,                  0.999,                 0.5366,                0.54482,                0.56597,                0.19504,                 2.4207,                 1.1423,                 1.1799,               0.003862,               0.003862,               0.003862
                    157,                 1.7599,                0.83209,                0.98089,                0.56678,                0.60679,                0.61109,                0.24001,                 2.2072,                 1.0729,                 1.1482,              0.0038224,              0.0038224,              0.0038224
                    158,                 1.6874,                0.88084,                0.98612,                0.50717,                0.61803,                 0.6012,                0.20213,                 2.3593,                  1.159,                 1.1561,              0.0037828,              0.0037828,              0.0037828
                    159,                  1.985,                0.91513,                 1.0096,                0.57709,                0.68587,                0.69493,                0.30051,                 1.9465,                 1.0938,                 1.0952,              0.0037432,              0.0037432,              0.0037432
                    160,                 1.8299,                0.95208,                0.99691,                0.49814,                0.60254,                0.59199,                0.20056,                 2.2993,                 1.2386,                 1.1388,              0.0037036,              0.0037036,              0.0037036
                    161,                 1.6058,                0.80553,                0.98801,                0.55654,                0.67645,                0.68155,                0.26852,                 2.0435,                  1.143,                 1.1086,               0.003664,               0.003664,               0.003664
                    162,                  1.692,                0.83276,                0.98655,                0.50935,                 0.6115,                0.60727,                0.21971,                 2.2153,                 1.2154,                   1.13,              0.0036244,              0.0036244,              0.0036244
                    163,                 1.6605,                0.85368,                0.97563,                0.58648,                0.69565,                0.70979,                0.30186,                 1.9219,                   1.13,                 1.0945,              0.0035848,              0.0035848,              0.0035848
                    164,                  1.803,                0.92685,                0.96701,                0.51613,                0.63886,                0.62872,                0.22458,                 2.1761,                 1.1643,                 1.1078,              0.0035452,              0.0035452,              0.0035452
                    165,                 1.4487,                0.76013,                0.98094,                0.52651,                0.65996,                0.64677,                0.22122,                 2.3053,                  1.153,                 1.1314,              0.0035056,              0.0035056,              0.0035056
                    166,                 1.6869,                0.86466,                 1.0018,                0.58111,                0.71178,                0.70698,                0.26654,                 2.1409,                  1.128,                 1.1071,               0.003466,               0.003466,               0.003466
                    167,                 1.6689,                0.84334,                0.98512,                    0.6,                0.71658,                0.73297,                0.31099,                  1.957,                 1.0915,                 1.0812,              0.0034264,              0.0034264,              0.0034264
                    168,                 1.9546,                0.95005,                0.98659,                0.60161,                0.71531,                0.72792,                0.30638,                 1.9898,                 1.0746,                 1.0816,              0.0033868,              0.0033868,              0.0033868
                    169,                 1.4946,                0.77749,                0.98842,                0.54075,                0.64973,                0.64693,                0.21589,                 2.3154,                 1.1584,                 1.1208,              0.0033472,              0.0033472,              0.0033472
                    170,                 1.9585,                0.87057,                0.97733,                0.56765,                0.68043,                0.67477,                0.24489,                 2.1877,                 1.1151,                 1.1042,              0.0033076,              0.0033076,              0.0033076
                    171,                 1.3525,                0.73411,                0.97562,                0.59687,                0.65474,                0.67476,                 0.2451,                 2.2326,                 1.1047,                 1.1118,               0.003268,               0.003268,               0.003268
                    172,                 1.4354,                0.75289,                0.97996,                0.53637,                0.64828,                0.63525,                0.22956,                 2.2732,                 1.1604,                 1.1147,              0.0032284,              0.0032284,              0.0032284
                    173,                 1.6152,                0.83455,                0.96647,                0.60247,                0.72138,                0.71194,                0.30579,                 1.9357,                 1.0764,                 1.0673,              0.0031888,              0.0031888,              0.0031888
                    174,                 1.5716,                0.80157,                0.97787,                0.56428,                  0.675,                0.66735,                0.25415,                 2.1385,                 1.1048,                 1.0917,              0.0031492,              0.0031492,              0.0031492
                    175,                 1.5321,                0.81107,                0.96806,                0.52083,                0.62264,                0.62432,                 0.2127,                 2.2913,                 1.1662,                 1.1222,              0.0031096,              0.0031096,              0.0031096
                    176,                 1.4353,                0.79773,                0.96909,                0.50739,                0.63723,                0.62888,                0.22799,                 2.2588,                 1.1182,                 1.1243,                0.00307,                0.00307,                0.00307
                    177,                 2.1061,                0.99266,                 1.0311,                0.58198,                0.69565,                0.69869,                 0.2819,                 2.0737,                 1.0834,                 1.0785,              0.0030304,              0.0030304,              0.0030304
                    178,                 1.6428,                0.82319,                0.97186,                 0.5568,                0.68777,                0.67796,                0.25848,                  2.086,                 1.0859,                 1.0704,              0.0029908,              0.0029908,              0.0029908
                    179,                 1.4175,                0.76406,                 0.9707,                 0.5241,                0.65607,                0.65234,                0.24935,                 2.1524,                 1.1207,                 1.0846,              0.0029512,              0.0029512,              0.0029512
                    180,                 1.8883,                 0.9106,                0.97889,                0.61843,                0.69304,                0.71727,                  0.327,                 1.8823,                  1.029,                 1.0628,              0.0029116,              0.0029116,              0.0029116
                    181,                 1.7074,                0.83621,                 0.9932,                0.61971,                0.61318,                0.65468,                0.27476,                 2.0293,                 1.0704,                 1.0911,               0.002872,               0.002872,               0.002872
                    182,                 1.4744,                   0.77,                0.93775,                0.57924,                0.59135,                0.62536,                0.25829,                 2.0863,                 1.1084,                 1.1078,              0.0028324,              0.0028324,              0.0028324
                    183,                 1.3949,                0.74839,                0.96389,                0.58674,                0.55199,                 0.6094,                0.23519,                 2.1793,                 1.1482,                 1.1254,              0.0027928,              0.0027928,              0.0027928
                    184,                 1.4237,                 0.7353,                0.95309,                0.58255,                0.60861,                0.63895,                0.28739,                 1.9719,                 1.0629,                 1.0995,              0.0027532,              0.0027532,              0.0027532
                    185,                 1.4158,                0.80913,                0.97974,                0.61865,                0.66063,                0.69314,                0.28655,                 2.0458,                 1.0211,                 1.0856,              0.0027136,              0.0027136,              0.0027136
                    186,                   1.62,                0.88265,                 1.0066,                0.58549,                0.64091,                0.67448,                0.24557,                  2.198,                 1.0645,                 1.0973,               0.002674,               0.002674,               0.002674
                    187,                 1.4752,                0.75356,                 0.9866,                0.64322,                0.68496,                0.73479,                0.31097,                 1.9694,                0.99651,                 1.0757,              0.0026344,              0.0026344,              0.0026344
                    188,                 1.5308,                0.76315,                0.95448,                0.66905,                0.60339,                0.68379,                 0.2674,                  2.111,                 1.0248,                 1.0891,              0.0025948,              0.0025948,              0.0025948
                    189,                 1.8599,                 1.0536,                 1.0372,                0.66291,                0.61984,                0.69492,                0.31039,                 1.9262,                 1.0013,                 1.0775,              0.0025552,              0.0025552,              0.0025552
                    190,                 1.5096,                0.78928,                 0.9791,                0.73607,                0.66119,                0.76358,                0.34115,                  1.901,                 0.9499,                 1.0639,              0.0025156,              0.0025156,              0.0025156
                    191,                 1.4429,                0.74563,                0.96947,                0.69353,                0.69004,                0.74629,                0.31222,                 2.0118,                0.95955,                 1.0569,               0.002476,               0.002476,               0.002476
                    192,                 1.5014,                 0.7638,                0.95228,                0.79277,                0.71544,                0.81767,                 0.3845,                 1.8034,                0.88326,                 1.0355,              0.0024364,              0.0024364,              0.0024364
                    193,                 1.5245,                0.78992,                0.97983,                0.78265,                0.70237,                0.79946,                0.34236,                  1.938,                0.92087,                 1.0461,              0.0023968,              0.0023968,              0.0023968
                    194,                 1.5746,                0.88708,                0.93482,                0.77955,                0.72237,                  0.807,                0.35221,                 1.8982,                0.92203,                  1.036,              0.0023572,              0.0023572,              0.0023572
                    195,                 1.5729,                0.82365,                0.93925,                 0.7906,                0.72041,                0.80926,                0.35066,                 1.9271,                0.90529,                  1.043,              0.0023176,              0.0023176,              0.0023176
                    196,                 1.3769,                0.79096,                0.97128,                0.76427,                0.72636,                0.81283,                0.35315,                 1.9425,                0.91782,                 1.0508,               0.002278,               0.002278,               0.002278
                    197,                 1.5913,                0.84173,                 0.9999,                0.75845,                0.74577,                0.82098,                0.36315,                 1.9225,                0.89109,                 1.0489,              0.0022384,              0.0022384,              0.0022384
                    198,                 1.4378,                0.79196,                 1.0158,                0.72108,                0.73995,                0.79047,                 0.3209,                 2.0916,                0.93508,                 1.0722,              0.0021988,              0.0021988,              0.0021988
                    199,                 1.7805,                0.84888,                0.96894,                0.70989,                0.71487,                0.78803,                0.34463,                  1.961,                0.95357,                 1.0708,              0.0021592,              0.0021592,              0.0021592
                    200,                 1.4624,                0.74879,                 0.9526,                0.70775,                0.66292,                0.73762,                0.32585,                 1.9606,                 1.0115,                 1.0838,              0.0021196,              0.0021196,              0.0021196
                    201,                 1.5922,                0.79671,                0.95428,                 0.6234,                0.57292,                0.63027,                0.26387,                 2.1521,                 1.1219,                 1.1273,                0.00208,                0.00208,                0.00208
                    202,                 1.4913,                0.81311,                0.93921,                0.60294,                 0.5361,                0.59707,                0.26228,                 2.1194,                 1.1943,                 1.1428,              0.0020404,              0.0020404,              0.0020404
                    203,                 1.3717,                0.80027,                0.98063,                0.69763,                0.64665,                0.70917,                0.28585,                 2.1116,                 1.0556,                 1.0945,              0.0020008,              0.0020008,              0.0020008
                    204,                 1.7535,                0.83646,                0.97083,                0.73924,                0.67413,                0.75814,                0.33555,                 1.9666,                0.97797,                 1.0499,              0.0019612,              0.0019612,              0.0019612
                    205,                 1.5905,                 0.8264,                0.99091,                0.72534,                0.70742,                0.77051,                0.33986,                 1.9197,                 1.0034,                 1.0454,              0.0019216,              0.0019216,              0.0019216
                    206,                 1.5171,                0.78484,                0.95634,                0.71656,                0.70307,                0.75629,                0.29456,                 2.0476,                 1.0699,                 1.0573,               0.001882,               0.001882,               0.001882
                    207,                 1.4742,                0.81809,                0.93366,                0.73561,                 0.6985,                0.77059,                0.32754,                 1.9599,                 1.0593,                 1.0542,              0.0018424,              0.0018424,              0.0018424
                    208,                  1.604,                0.81249,                 0.9465,                0.72118,                0.69846,                0.76911,                0.32855,                 1.9311,                 1.0589,                 1.0516,              0.0018028,              0.0018028,              0.0018028
                    209,                 1.4482,                0.74603,                0.94806,                0.67606,                0.69964,                 0.7655,                0.31215,                 2.0152,                 1.0881,                 1.0617,              0.0017632,              0.0017632,              0.0017632
                    210,                  1.522,                0.78046,                0.93234,                0.63428,                0.71548,                0.75781,                0.32336,                 1.9341,                 1.0756,                 1.0547,              0.0017236,              0.0017236,              0.0017236
                    211,                 1.5737,                0.78301,                0.94598,                0.69949,                0.70589,                0.77592,                0.33057,                  1.933,                 1.0538,                 1.0561,               0.001684,               0.001684,               0.001684
                    212,                 1.5416,                0.75524,                0.93498,                0.73031,                0.68355,                0.76573,                  0.325,                  1.952,                 1.0579,                 1.0568,              0.0016444,              0.0016444,              0.0016444
                    213,                 1.4632,                0.73163,                0.92694,                0.75444,                0.69085,                0.78202,                0.35114,                 1.8733,                 1.0081,                 1.0512,              0.0016048,              0.0016048,              0.0016048
                    214,                 1.3868,                0.72221,                0.94172,                0.75805,                0.68473,                0.77958,                0.32396,                 1.9742,                 1.0436,                 1.0582,              0.0015652,              0.0015652,              0.0015652
                    215,                  1.544,                0.77594,                0.95067,                0.74332,                0.71132,                0.79905,                0.36238,                 1.8507,                 1.0049,                 1.0488,              0.0015256,              0.0015256,              0.0015256
                    216,                 1.3158,                0.68582,                0.93376,                0.72227,                0.69525,                0.78358,                0.33402,                 1.9295,                 1.0124,                 1.0559,               0.001486,               0.001486,               0.001486
                    217,                 1.2989,                0.69241,                0.93735,                0.72992,                0.72501,                0.80043,                0.34935,                 1.8822,                0.98419,                 1.0514,              0.0014464,              0.0014464,              0.0014464
                    218,                 1.6557,                 1.0494,                 1.0662,                0.73928,                0.72563,                0.79744,                0.36033,                 1.8398,                0.96083,                 1.0456,              0.0014068,              0.0014068,              0.0014068
                    219,                 1.3713,                0.70758,                0.93271,                0.72209,                0.73755,                0.79543,                0.37097,                 1.8174,                0.95377,                 1.0438,              0.0013672,              0.0013672,              0.0013672
                    220,                  1.545,                0.74532,                0.95375,                0.71518,                0.67998,                0.76435,                0.33984,                  1.906,                0.96758,                 1.0515,              0.0013276,              0.0013276,              0.0013276
                    221,                 1.6126,                0.84901,                0.96955,                0.71382,                0.68415,                0.76525,                 0.3469,                 1.8761,                 0.9452,                 1.0486,               0.001288,               0.001288,               0.001288
                    222,                 1.3575,                0.72703,                0.93794,                0.72487,                0.71322,                0.78789,                0.35707,                 1.8589,                0.92969,                 1.0463,              0.0012484,              0.0012484,              0.0012484
                    223,                 1.4129,                0.72837,                0.94175,                0.66996,                0.72699,                 0.7851,                 0.3656,                 1.8506,                0.92035,                  1.045,              0.0012088,              0.0012088,              0.0012088
                    224,                 1.4031,                 0.7212,                0.91704,                0.68229,                0.73451,                0.79894,                0.37236,                 1.8203,                0.91616,                 1.0407,              0.0011692,              0.0011692,              0.0011692
                    225,                 1.4177,                0.75754,                0.94265,                0.67485,                0.67372,                0.76584,                0.33491,                 1.9272,                0.96281,                 1.0543,              0.0011296,              0.0011296,              0.0011296
                    226,                 1.3469,                0.72551,                0.91966,                0.62274,                0.71037,                0.75756,                0.32538,                 1.9764,                0.97241,                 1.0587,                0.00109,                0.00109,                0.00109
                    227,                 1.5668,                0.76526,                0.95384,                0.58792,                0.74058,                  0.751,                0.32439,                 1.9569,                  0.987,                 1.0604,              0.0010504,              0.0010504,              0.0010504
                    228,                 1.4194,                0.79152,                0.97582,                0.58444,                0.72491,                0.74589,                0.31703,                 1.9774,                 1.0163,                 1.0616,              0.0010108,              0.0010108,              0.0010108
                    229,                 1.3268,                0.71223,                0.97303,                 0.5896,                0.73116,                0.75378,                0.32024,                 1.9766,                   1.02,                 1.0577,              0.0009712,              0.0009712,              0.0009712
                    230,                  1.339,                0.68916,                0.94312,                0.58832,                0.73514,                0.75607,                 0.3279,                 1.9331,                  1.022,                  1.056,              0.0009316,              0.0009316,              0.0009316
                    231,                 1.2983,                0.66499,                0.92945,                   0.59,                0.73179,                0.75503,                0.32662,                 1.9197,                 1.0269,                 1.0521,               0.000892,               0.000892,               0.000892
                    232,                  1.495,                0.76111,                0.93093,                0.58982,                0.73786,                0.75442,                0.33004,                 1.9224,                 1.0186,                  1.051,              0.0008524,              0.0008524,              0.0008524
                    233,                 1.4201,                0.72351,                0.93983,                0.59335,                0.72763,                0.75645,                0.34194,                 1.8801,                 0.9802,                 1.0446,              0.0008128,              0.0008128,              0.0008128
                    234,                 1.6978,                0.80751,                 0.9598,                0.66001,                0.66792,                0.75666,                0.34198,                 1.8791,                0.97809,                 1.0434,              0.0007732,              0.0007732,              0.0007732
                    235,                 1.4744,                0.76241,                0.93207,                0.68177,                0.67391,                0.77303,                0.35379,                 1.8521,                0.96509,                 1.0419,              0.0007336,              0.0007336,              0.0007336
                    236,                 1.2442,                0.66928,                0.93952,                0.74506,                0.66513,                0.77882,                0.34987,                  1.853,                0.96589,                 1.0414,               0.000694,               0.000694,               0.000694
                    237,                 1.4207,                0.74389,                0.92946,                0.74777,                0.66241,                0.78201,                0.34585,                 1.8793,                0.97221,                 1.0429,              0.0006544,              0.0006544,              0.0006544
                    238,                 1.2023,                0.64037,                0.92871,                0.73431,                0.65281,                0.76831,                0.33928,                 1.8977,                0.98321,                 1.0436,              0.0006148,              0.0006148,              0.0006148
                    239,                 1.3333,                0.68542,                0.90821,                0.61434,                0.74698,                0.77263,                 0.3402,                  1.894,                0.97929,                 1.0448,              0.0005752,              0.0005752,              0.0005752
                    240,                 1.2892,                0.70414,                0.92785,                0.61943,                0.74661,                0.78108,                0.35031,                 1.8601,                0.97688,                 1.0405,              0.0005356,              0.0005356,              0.0005356
                    241,                 1.1911,                0.64303,                0.93204,                0.70321,                0.69167,                0.78506,                0.36215,                 1.8203,                0.97269,                 1.0356,               0.000496,               0.000496,               0.000496
                    242,                 1.2235,                0.65479,                0.92906,                0.60346,                0.76313,                0.77461,                0.35767,                 1.8276,                0.98737,                 1.0365,              0.0004564,              0.0004564,              0.0004564
                    243,                 1.4688,                0.76453,                0.93173,                0.61528,                0.76585,                0.78013,                0.36143,                 1.8225,                0.99603,                 1.0344,              0.0004168,              0.0004168,              0.0004168
                    244,                 1.4048,                0.75239,                0.96889,                0.62461,                0.76168,                0.78544,                0.36028,                 1.8243,                 1.0055,                 1.0358,              0.0003772,              0.0003772,              0.0003772
                    245,                 1.3515,                0.72414,                0.92903,                0.61819,                0.75688,                0.78034,                0.35395,                 1.8365,                 1.0278,                   1.04,              0.0003376,              0.0003376,              0.0003376
                    246,                 1.1757,                0.66428,                0.93686,                0.61356,                0.75145,                0.77236,                0.35187,                 1.8436,                 1.0329,                 1.0415,               0.000298,               0.000298,               0.000298
                    247,                 1.4277,                 0.8318,                 0.9801,                0.61025,                0.74873,                0.77472,                 0.3479,                 1.8573,                 1.0437,                 1.0447,              0.0002584,              0.0002584,              0.0002584
                    248,                 1.5348,                0.78542,                 0.9504,                0.60857,                0.74937,                0.77442,                0.34767,                 1.8556,                 1.0476,                 1.0458,              0.0002188,              0.0002188,              0.0002188
                    249,                 1.1797,                0.64639,                0.90987,                0.59906,                0.74185,                0.76624,                0.34367,                 1.8599,                 1.0549,                 1.0468,              0.0001792,              0.0001792,              0.0001792
